전통주명,도수,규격,주원료,제조사
애피소드호프,3.5,500ml,"사과과즙, 보리, 쌀, 홉",㈜한국애플리즈
애피소드 상그리아,3.5,500ml,"포도와인, 정제주정, 정제수, 포도농축액, 고과당",㈜한국애플리즈
애피소드 애플,3.5,500ml,사과,㈜한국애플리즈
심술 알쓰,3.8,180ml,복분자,배상면주가
아이싱 자몽,4,"350ml, 300ml","쌀, 자몽엑기스",국순당
메로니아,4,750ml,"국내산 쌀, 물엿, 합성착향료(메론향), 효모, 국, 혼합제제, 아스파탐, 젖산, 합성 향료(밀크향), 효소처리스테비아, 멜론농축액",배혜정도가
바나나 주,4,750ml,"쌀, 국, 정제수, 바나나 농축액, 조제종국, 효모, 물엿",조은술 세종
메로니아,4,750ml,"쌀, 국, 효모, 젖산, 멜론 향, 물엿 등",배혜정도가
광양 생 막걸리 골드,5,750ml,"정제수, 쌀(국산100%), 입국(국산), 곡자(국산누룩), 아스파탐(감미료, 페닐알라닌 함유), 정제효소, 효모, 젖산, 액화효소",광양주조공사
광양 생 막걸리,5,750ml,"정제수, 쌀(국산100%), 입국(국산), 곡자(국산누룩), 아스파탐(감미료, 페닐알라닌 함유), 정제효소, 효모, 젖산, 액화효소",광양주조공사
인생막걸리,5,750ml,"정제수,팽화미,팽화밀가루,말토올리고당,국,혼합제제효모,아스파탐,아세설팜칼륨",서울장수(주)
지평 이랑이랑,5,750ml,"정제수, 쌀, 자일리톨, 국, 효모, 레몬농축액, 허브류",지평주조
1000억 유산균 막걸리,5,750ml,"국내산쌀, 누룩",국순당
오목대,5,"1,000ml","보리(국내산), 맥아(국내산), 말토텍스트린, 호프펠렛, 효모, 정제효소제, 정제수",농업회사법인 동문거리양조장(주)
경기전,5,1000ml,"국내산 보리, 맥아, 호프펠렛, 효모, 정제효소제, 정제수",전주술로시티
SSOA-포도,5,355ml,국내산 포도,㈜포천조술당
지평 생 옛막걸리,5,"1,700ml","밀, 정제수, 국, 분말종국, 효모, 정제효소 등",지평주조
지평 생 쌀막걸리,5,"700ml, 1,700ml","쌀(국내산), 정제수, 국, 효모, 정제효소 등",지평주조
은자골 생 탁배기,5,750ml,국내산 쌀,은척양조장
유자생막걸리,5,750ml,"경기미 75%, 유자 국내산20% , 맥아당 5%",배혜정도가
시나브로 에뚜왈 로제 스파클링,5,750ml,포도(캠벨얼리),불휘농장
편백숲 산소막걸리,5.2,750ml,"쌀, 사과농축액,누룩,올리고당,아스파탐",청산녹수
편백숲 산소막걸리 순수령,5.8,750ml,"찹쌀, 맵쌀, 누룩",청산녹수
대잎 생동동주 (단종),6,1700ml,"국내산 쌀, 좁쌀, 정제효소, 젖산, 효모, 아스파탐, 영지, 생각, 정제수",죽향도가
까메오 막걸리,6,550ml,"정제수, 쌀, 효모, 누룩, 과당 등",낙천
다랭이팜 유자 막걸리,6,750ml,"정제수, 유기농7분도쌀, 친환경유자원액, 혼합제과 누룩",농업회사법인 주식회사 다랭이팜
동백우리쌀생막걸리,6,750ml,"정제수, 쌀 소맥분 물엿, 곡자, 효모, 조제종국, 정제효소, 아스파탐,아세설팜칼륨",(주)동백양조
나루 생 막걸리 6도,6,935ml,"정제수, 쌀(국내산), 국, 효모(밀함유)",한강주조
호두땅콩막걸리,6,750ml,"물, 쌀(국내산), 고과당, 국(밀), 땅콩(국내산)",배혜정도가
아띠,6,450ml,쌀(국내산),배상면주가
장수 생막걸리,6,750ml,"백미(국내산), 말토올리고당, 홍삼분말",서울장수주식회사
대대포 막걸리,6,750ml,쌀,담양죽향도가
동정춘막걸리,6,720ml,"국내산 쌀, 누룩, 정제수",술빚는전가네
우도땅콩전통주,6,750ml,"쌀, 우도땅콩",조은술 세종
세종청주생막걸리,6,750ml / 1200ml,"쌀, 소맥분",조은술 세종
세종 알밤주,6,750ml,"정제수, 백미, 소맥분, 알밤(국내산), 전분당, 효모, 젖산",조은술 세종
지리산 정담 생쌀 막걸리,6,750ml,"쌀(국내산), 종국, 정제수, 누룩, 효모",운봉주조
영일만친구 막걸리,6,750ml,"국내산 쌀, 물엿, 우뭇가사리, 효모, 조제 종국, 정제효소제, 아스파탐, 젖산",동해명주
얼떨결에,6,920ml,"쌀(국내산), 정제수, 정제효소, 효모, 젖산, 기타과장, 곡자(밀)",동강주조
소양강 생 막걸리,6,750ml/ 1700ml,"백미, 소맥분, 정제수, 팽화미, 아스파탐, 물엿, 정제수","소양강도가(구, 천정양조장)"
국순당 생막걸리 대박,6,750ml,쌀,국순당
송명섭 막걸리,6,500ml,"국내산쌀, 곡자, 정제수",태인합동주조장
선호 생막걸리,6,750ml,"국내산 쌀, 누룩, 효모, 정제효소, 천연감미료, 정제수",김포금쌀탁주영농조합법인
안성맞춤 생막걸리,6,1000ml,"국내산 쌀, 누룩, 효모, 젖산, 정제효소, 정제수",한주양조
양촌 생 막걸리,6,750ml,"팽화미, 소맥분, 정제수, 물엿, 효소, 국 등",양촌양조
김포 막걸리,6,750ml,"쌀, 누룩, 정제수",김포양조
유자향주,6,750ml,"쌀(국내산), 유자(고흥산), 아스파탐",청정영농조합법인
심술6 막걸리,6,500ml,"쌀(국내산), 국(입국), 건조효모, 아세설팜칼륨, 아스파탐",배상면주가
톡쏘는 옥수수동동,6,750ml,"쌀, 정제수, 입국, 옥수수 농축액, 옥수수 추출물 등",우리술
톡쏘는 고구마동동,6,750ml,"쌀, 정제수, 입국, 고구마 농축액, 고구마 추출물 등",우리술
톡쏘는 알밤동동,6,750ml,"쌀, 정제수, 입국, 밤 농축액, 밤 추출물 등",우리술
가평 잣 생막걸리,6,750ml,"쌀, 정제수, 쌀입국, 잣, 효모, 정제효소 등",우리술
손가네 태종대 개똥쑥생막걸리,6,750ml,"정제수, 쌀, 태종대개똥쑥추출물, 입국, 누룩, 정제효소, 이소말토올리고당, 구연산, 아스파탐, 효모",태종대양조
다랭이팜 생막걸리,6,750ml,"지하정제수, 9분도쌀, 찹쌀, 혼합제제 누룩,",농업회사법인 주식회사 다랭이팜
장홍삼 장수 막걸리,6,750ml,"백미,말토올리고당,홍삼분말",서울장수(주)
이화백주,6,940ml,"정제수, 쌀(국내산), 누룩, 설탕, 물엿, 밀, 아스파탐",이화백주
호랑이 생 막걸리,6,750ml,"물, 쌀(국내산),에리스리톨, 효모, 국, 젖산, 합성향료,밀함유",배혜정도가
도구막걸리,6,750ml,"정제수, 밀가루, 효모, 조제종국, 정제효소제, 젖산, 아스파탐, 아세설팜칼륨",동해명주
세오녀탁주,6,750ml,"정제수, 쌀(국내산, 포항쌀), 누룩, 효모, 조제종국, 정제효소제, 젖산",동해명주
동해동동주,6,750ml,쌀100%(포항쌀),동해명주
영탁막걸리,6,750ml,"정제수, 백미(국내산), 입국(쌀, 밀), 물엿, 올리고당, 누룩(밀), 효모, 아스파탐, 아세설팔칼륨",예천양조
지리산 허브잎술 쌀 막걸리,6,750ml,"쌀(국내산), 입국, 정제수, 효모, 곡자, 국내산허브(로즈마리, 라벤다잎줄기추출액, 울금) 등",운봉주조
야관문 쌀 막걸리,6,750ml,"팽화미, 입국, 효모, 곡자(밀), 정제수, 야관문잎 줄기 추출액 등",지리산 운봉주조
동래아들,6,750ml,"정제수, 찹쌀, 맵쌀, 밀누룩",제이케이크래프트
설성 만월 막걸리,6,750ml,"정제수, 유기농쌀국내산, 누룩, 유기농올리고당 등",병영주조장
선운산의 아침 복분자 막걸리,6,750ml,"복분자, 쌀, 효모, 국, 과당, 구연산, 젖산, 정제수",국순당고창명주㈜
생 청주 막걸리,6,750ml,"쌀, 소맥분, 국, 조제종국, 효모, 물엿 등",조은술 세종
산정호수 동정춘막걸리,6,720ml,"국내산 쌀, 누룩, 정제수",(주)농업회사법인 술빚는 전가네
산막 생유 막걸리,6,750ml,"국내산 쌀, 소맥분, 종국, 효모",농업회사법인 신탄진주조(주)
봉하쌀 생막걸리,6,750ml,"쌀(국내산), 정제효소, 젖산, 효모, 아스파탐, 정제수",농업회사법인 (주)봉하마을
병영설성 생막걸리,6,750ml,"쌀(국내산), 효모, 누룩, 정제수",병영양조장
병영설성 동동주,6,1700ml,"쌀(국내산), 전분, 효모, 누룩, 정제수",병영양조장
미생 막걸리,6,750ml,"국내산 쌀, 누룩, 효모, 정제효소, 정제수",김포금쌀탁주 영농조합법인
두유노 (단종),6,600ml,"국내산 찹쌀, 국내산 멥쌀, 누룩, 밀가루",디오케이브루어리
인천 생 소성주,6,750ml,"쌀, 팽화미, 정제수, 국, 효모, 아스파탐, 효소, 이소말토 올리고당",인천탁주
우도 땅콩 전통주,6,750ml,"정제수, 전분당, 백미, 국, 땅콩분, 효모, 젖산 등",조은술 세종
괴산 세종 찰옥수수 전통주,6,750ml,"정제수, 백미, 국, 옥수수분, 전분당, 조제종국, 효모, 조효소제, 치자색소,젖산, 아스파탐, 아세설팜칼륨,허브후레바E, 누룽지향, 구연산",조은술 세종
공주알밤 왕밤주,6,750ml,"공주밤(국내산), 백미(국내산), 아스파탐",사곡양조장
두륜탁주,6,"1,700ml","쌀, 밀가루, 누룩, 당귀",삼산주조장
지장수 호박 생 막걸리,6,750ml,"정제수(지장수), 쌀, 효모, 누룩, 과당 등",낙천
죽향 생 막걸리,6,750ml,"쌀(국내산), 정제효소, 젖산, 효모, 아스파탐, 정제수",농업회사법인 (주)죽향도가
주산지 막걸리,6,750ml,"쌀(국내산), 밀가루, 누룩, 입국, 효모, 고과당, 물엿, 아스파탐, 삭카린나트륨, 정제수",청송양조장
DOK막걸리,6,"1,000ml","정제수, 맵쌀, 찹쌀, 누룩, 효소, 효모",독브루어리
이동 생 쌀 막걸리,6,750ml,"정제수, 백미, 팽화미, 입국, 아스파탐 등",이동주조
은자골 곶감 생 탁배기,6,750ml,"백미, 소맥분, 정제수, 곶감분말, 전분당, 국, 누룩, 효소, 아스파탐 등",은척 양조장
행운 생유자 동동주,6,750ml / 1700ml,"쌀(국내산), 소맥분(미국산), 전분당, 정제수, 유자과즙, 치자, 정제효소, 종국, 효모, 젖산, 아스파탐",성포양조장
오산막걸리,6,500ml,"쌀(국내산), 국, 효모, 정제수",농업회사법인 오산양조㈜
가야 프리미엄 막걸리,6,750ml,김해 쌀(100%),가야양조장
성포 생막걸리,6,750ml,"쌀(국내산), 소맥분(미국산), 전분당, 정제수, 무농약 미나리추출액, 정제효소, 종국, 효모, 아스파탐",성포양조장
레돔 시드르,6,750ml,사과,작은알자스
아이원 막걸리,6,750ml,"쌀, 밀, 입국, 누룩, 정제수",이원양조장
월매 쌀막걸리(캔),6,350ml,"백미, 말토올리고당, 정제수",서울장수㈜
호담 산양산삼 막걸리,6,750ml,"쌀(경기미), 입국, 산양산삼, 정제수, 아스파탐",대농바이오우리산삼
생탁주,6,750ml,"쌀, 올리고당, 사과농축액, 아스파탐, 효모, 정제수",청산녹수
백련 생막걸리 snow (스노우),6,750ml,"백미, 연잎, 정제수, 종국, 효모, 아스파탐, 물엿 등",신평양조장
느린마을 막걸리,6,750ml,"쌀, 국, 효모, 정제수",배상면주가
부안참뽕막걸리,6,950ml,"쌀(국내산) 오디과즙,스테비올배당체,스쿠랄로스",내변산(동진주조)
1932 새싹땅콩+햅쌀/흑미,6,"500ml, 900ml","새싹땅콩+고시히카리 쌀, 새싹땅콩+진도산 흑미",1932포천일동막걸리
소백산 검은콩 막걸리,6,"1500ml, 1200ml, 750ml",쌀,대강양조장
소백산 생 막걸리,6,"1700ml, 750ml",쌀,대강양조장
안양동동주,6,1700ml,"국내산 햅쌀, 국내산 친환경 햇찹쌀",안양주조장
줄포 생막걸리,6,750ml,국내산 쌀,내변산(동진주조)
참동이 허브잎술,6,900ml,"국내산 쌀, 로즈마리 허브",운봉주조
천마이야기 막걸리,6,750ml,국내산 쌀,농업회사법인산들벗(주)
자연담은 복분자막걸리,6,360ml,"국내산 복분자(고창), 정제수",(농)국순당고창명주㈜
미나리 생막걸리,6,750ml,"국내산 쌀, 국내산 무농약 미나리추출액",성포양조장
백년친구 쌀막걸리,6,750ml,국내산 쌀,만수주조영농조합법인
불로생우리쌀막걸리,6,750ml,국내산 쌀,불로생우리쌀막걸리
울금생막걸리 정,6,750ml,"국내산 쌀, 국내산 울금",영덕주조
세종 쌀막걸리,6,"300ml, 750ml",국내산 쌀,조은술 세종
구암대추막걸리,6,1000ml,"쌀, 대추",구암농산
솔청정막걸리,6,,국내산 쌀,조선양조
백년친구 풍기홍삼막걸리,6,"750ml, 900ml","국내산 쌀, 홍삼",만수주조영농조합법인
새송이 쌀막걸리 정,6,750ml,"국내산 쌀, 새송이버섯",영덕주조
톡쏘는 쌀 막걸리,6,950ml,국내산 쌀,우리술
산천어막걸리,6,750ml,국내산 쌀,화천주가
지장수 호박막걸리,6,550ml,"국내산 쌀, 호박",낙천
미담,6,750ml,국내산 쌀,성광주조
고향생막걸리,6,750ml,국내산 쌀,찬우물
솔바람생막걸리,6,500ml,국내산 쌀,조선양조
왕매실 막걸리,6,750ml,"국내산쌀, 매실원액1%",순성왕매실영농조합
삼막걸리,6,500ml,"쌀(국내산100%), 산양산삼(국내산), 올리고당",
이천쌀생막걸리,6,1000ml,국내산 쌀,오성주조장
고향인삼막걸리,6,750ml,"국내산쌀90%, 국내산인삼10%",찬우물
황도배기 햅쌀막걸리,6,900ml,고창 황토배기 햅쌀,우리술
요새로제,6.4,750ml,"사과즙(국산), 오미자, 라즈베리차, 정제수, 효모, 사관산(산도조절제), 탄산가스, 메타중아황산칼륨(산화방지제)",댄싱사이더컴퍼니
복순도가 손막걸리,6.5,935ml,"정제수, 쌀(국산), 곡자(밀), 물엿, 설탕, 아스파탐(감미료,페닐알라닌함유)",복순도가
담은,6.5,750ml,"정제수, 쌀(국내산), 입국, 효모, 기타과당, 정제효소제",포천일동막걸리
별산막걸리,6.5,800ml,"정제수, 쌀(국내산), 입국, 효모, 엿류",양주도가
오미자 생막걸리,6.5,750ml,"정제수, 백미(국내산), 입국(쌀, 밀), 올리고당, 물엿, 허브(유기농), 오미자 2.4%(국내산, 문경로동산), 정제효소, 아스파탐·아세셀펌칼륨(함성감미료, 메닐알라닌 함유)",문경주조
호랑이배꼽,6.5,"350ml, 750ml","평택 쌀(현미 40%, 백미 60%), 누룩, 정제수, 정백당",밝은세상영농조합
고도리 복숭아와인,6.5,750ml,복숭아(영천),고도리 와이너리
토끼구름,6.8,750ml,"정제수, 쌀, 올리고당, 전분, 조효소제, 혼합제제",운곡도가
편백숲 산소막걸리 스파클링,6.8,940ml,"찹쌀, 맵쌀, 누룩",청산녹수
편백숲 산소막걸리 딸기 스파클링,6.8,940ml,"찹쌀, 멥쌀, 누룩, 딸기, 올리고당",청산녹수
오곡 진상주,7,750ml,"쌀, 밀, 보리, 옥수수, 조 등",대강양조장
심술 7,7,330ml,"정제수, 옥수수전분, 기타과당, 백설탕, 주정, 젖산, 과채가공품, 이산화탄소,국,활성건조효모,아세설팜칼륨",배상면주가
볼빨간막걸리 7,7,500ml,"정제수, 찹쌀, 누룩",벗드림양조장
맑은내일 발효 막걸리,7,750ml,"정제수, 쌀, 누룩, 정제효소, 아스파탐",우포의 아침 주식회사
매실 막걸리,7,750ml,"쌀, 매실과즙",백운주가
도깨비술 7,7,750ml,"국내산 멥쌀, 누룩, 효모, 정제수",도깨비양조장
제주감귤주 귤로만,7,750ml,감귤원액(제주),제주와이너리
매실탁테일,7,375ml,"국내산 백미, 매실천연과즙",배혜정도가
매화마름 호랑이 막걸리,7,375ml,쌀,배혜정도가
왕피천을 품은 미소생막걸리,7,750ml,"쌀, 누룩, 정제수",울진술도가
미소 생막걸리,7,750ml,"쌀(국내산), 누룩, 정제수",울진술도가
2017년 햅쌀로 빚은 첫술,7,750ml,국내산 햅쌀,국순당
하얀연꽃 백련생막걸리,7,"375ml, 750ml","국내산 백미, 국내산 백련잎",신평양조장
하얀연꽃 백련막걸리,7,375ml,국내산 쌀,신평양조장
미몽 (단종),7,360ml,"국내산 쌀, 국내산 인삼",국순당
입장탁주,7,750ml,국내산 쌀,(농) 입장주조㈜
대포막걸리,7,425ml,국내산 쌀,배상면주가
빙탄복,7,370ml,복분자,배상면주가
스파클링와인,7.2,750ml,사과,고도리 와이너리
우렁이쌀 손막걸리 DRY,7.5,500ml,"정제수, 찹쌀(국내산), 쌀(국내산), 효모, 종국",양촌양조
우렁이쌀 손 막걸리,7.5,750ml,국내산 쌀,양촌양조
쿨샷 7.5,7.5,300ml,"복분자과실, 주정, 효모, 구연산, 정제수",고창선운산
레돔 내추럴 스파클링 로제와인,7.5,750ml,포도,작은알자스
기다림 25,8,750ml,"국내산 백미, 국내산 찹쌀, 곡자, 정제수",제이케이크래프트
황감찰,8,750ml,"국내산 쌀, 찹쌀, 누룩, 효모, 정제수",운곡도가
걍즐겨,8,600ml,"멥쌀,찹쌀,누룩,프렌치세종,석류,히비스커스",디오케이브루어리
연천 아주,8,750ml,"쌀(국내산), 누룩, 정제수",농업회사법인 연천양조㈜
술아 핸드메이드 막걸리,8,450ml,"국내산 찹쌀, 누룩, 정제수",술아원
동정춘,8,500ml,"쌀, 누룩, 정제수",농업회사법인㈜산수
술헤는밤,8,750ml,"쌀(국내산), 누룩(국내산)",두루전통양조
시향가,8,500ml,"물, 쌀(국내산), 건조토란(국내산), 국, 젖산, 효모, 밀",농업회사법인 시향가(주)
DOK X 메킷나이스,8,650ml,"멥쌀,찹쌀,누룩,생강,고수씨",디오케이브루어리
설하담,8,950ml / 475ml,"국내산 멥쌀 100%, 개량 누룩, 정제수, 이산화탄소",리큐랩주식회사
편백숲 산소막걸리 순수령 8%,8,750ml,"찹쌀, 맵쌀, 누룩",청산녹수
옛날막걸리 古,8,750ml,"국내산쌀, 누룩",국순당
자희향 나비,8,500ml,"찹쌀(국내산), 멥쌀(국내산), 누룩(국내산), 정제수",자희자양
이화주,8,100ml,"쌀(국내산 경기미 100%), 누룩, 정제수",술샘
허니문,8,375ml,벌꿀(국내산),아이비영농조합법인
허니비,8,500ml,벌꿀(국내산),아이비영농조합법인
다래와인 7004S,8,750ml,참다래,오름주가
다래와인 3004,8,375ml,참다래,오름주가
오미로제 연,8,750ml,오미자,오미나라
꿀막걸리,8,750ml,"쌀(국내산), 벌꿀(국내산), 사과농축액, 효모, 정제효소",청산녹수
금정산성막걸리,8,750ml,"백미, 밀(누룩), 정제수",금정산성 토산주
사미인주,8,750ml,"유기농 햅쌀, 벌꿀",청산녹수
오희 스파클링 막걸리,8.5,500ml,"백미, 건오미자, 조효소제, 효모, 정제수",문경주조
기다림 16,9,750ml,"국내산 찹쌀, 국내산 흑미, 곡자, 정제수",제이케이크래프트
아임프리,9,500ml,"정제수, 쌀, 국, 효모",농업회사법인 주식회사 술샘
역전주,9,500ml,"쌀,누룩",바싹불고기
해창 막걸리 9도,9,900ml,"햅쌀, 찹쌀, 물, 누룩",해창주조장
희양산 막걸리 9도,9,750ml,"정제수, 쌀(국내산), 누룩(국내산), 효모",두술도가
술공방 9.0 막걸리,9,500ml,"정제수, 쌀(국내산), 국(쌀, 국내산), 누룩(밀)",아리랑주조
도깨비술 9,9,750ml,"국내산 멥쌀, 누룩, 효모, 정제수",도깨비양조장
정고집 나주배 약주 9%,9,500ml,"쌀, 쌀가루(국내산), 배착즙액(나주산), 정제효소제, 종국, 젖산, 효모",남도탁주
찹쌀생막걸리 9도,9,750ml,"찹쌀(해남산), 멥쌀(해남산), 누룩",삼산주조장
냥이탁주,9,500ml,"정제수, 쌀, 찰보리, 찰수수, 벌꿀, 오미자, 송순, 누룩, 개량누룩",행주산성주가
부자 송산포도,9,375ml,"쌀, 누룩, 포도즙",배혜정도가
우리밀 막걸리 향수,9,700ml,"쌀, 밀, 입국, 누룩, 정제수",이원양조장
헤베,9,330ml,"사과와인 100%(사과과즙: 국내산, 효모, 소르빈산칼륨: 합성보존료)",한국애플리즈
우곡생주,10,750ml,"국내산 쌀, 누룩, 효모, 정제수",배혜정도가
복순도가 탁주,10,935ml,"정제수, 쌀(국산), 곡자(밀)",복순도가
배꽃담은연,10,720ml,"쌀 26.1%, 효모 0.07%, 젖산 0.05%, 정제수 72.31%",술빚는전가네
심술 10,10,330ml,"정제수, 옥수수전분, 기타과당, 백설탕, 주정, 젖산, 과채가공품, 이산화탄소,국,활성건조효모,아세설팜칼륨",배상면주가
술그리다 생탁주,10,500ml,"국내산쌀, 누룩",좋은술
백자주,10,500ml,"국내산 찹쌀, 멥쌀, 잣, 누룩, 정제수",농업회사법인㈜산수
양촌 생 동동주,10,750ml,"정제수, 백미 효소제, 효모 등",양촌양조
백년향,10,500ml,"쌀,누룩,정제수",추연당
만강에 비친 달,10,500ml,"홍천쌀, 단호박, 곡자(밀누룩)",예술주조
삼선,10,500ml,"국내산쌀, 누룩, 정제수",농업회사법인 두루(주)
볼빨간막걸리 10,10,500ml,"찹쌀(국내산), 누룩, 정제수",농업회사법인 (주)벗드림
나 와인,10,500ml,국내산 찹쌀 100%,영농법인에스비케이조합
소백산 청 동동주,10,1700ml,"쌀, 소맥분, 누룩, 주정, 고과당, 대추 등",대강양조장
오드린 베베마루 아내를 위한,10,375ml,캠벨얼리 포도,월류원
복순도가 약주,10,750ml,"쌀, 누룩",복순도가
미인탁주,10,500ml,"찹쌀, 누룩, 정제수",최행숙전통주가
도문대작 생막걸리,10,750ml,"강릉 쌀, 누룩, 갯방풍나물, 정제수",방풍도가
시인의마을,10,700ml,"쌀(국내산), 누룩, 정제수",이원양조장
부자 10%,10,375ml,경기미 100%,배혜정도가
감그린 아이스와인,10,375ml,감(국내산),청도감와인
시나브로 로제와인,10,500ml,포도(캠벨얼리),불휘농장
베베마루 캠벨로제 스위트,10,375ml,포도(캠벨얼리),월류원
고도리 화이트와인 스위트,10.5,750ml,거봉포도(영천),고도리 와이너리
고도리 청수 와인,10.5,750ml,포도(청수),고도리 와이너리
고도리 화이트와인 드라이,10.5,750ml,거봉포도(영천),고도리 와이너리
홍시와인,10.5,375ml,"감열매(국내산), 효모, 메타중아황산칼륨, 이산화황",젤코바와이너리
산머루와인 달콤한 스위트,10.5,750ml,산머루,
매아랑,10.7,750ml,국내산 매실,하동매실 영농조합법인
붉은 원숭이,10.8,375ml,"쌀(국내산 경기미 100%), 누룩, 홍국, 정제수",술샘
술취한 원숭이,10.8,375ml,"쌀(국내산 경기미 100%), 누룩, 홍국, 정제수",술샘
도깨비술 11,11,750ml,"정제수, 쌀, 국,효모",도깨비양조장
백운 복분자 와인,11,360ml,"쌀, 토종 복분자과즙",백운주가
제주몬순커피주,11,200ml,"정제수, 설탕, 커피생두, 효모",제주커피수목원
커피와인 톡시(중복-증류주),11,200ml,커피생두 발효액,제주커피수목원
커피와인 톡시,11,200ml,커피생두 발효액,제주커피수목원
김포약주(중복),11,750ml,"소맥분, 옥전분",김포양조
대통주,11,360ml,"국내산 쌀, 국내산 매실농축액, 국내산 대나무잎",추성고을
김포약주,11,750ml,"옥수수 전분, 밀, 국, 효모, 젖산, 효소제, 정제수",김포양조
니모메,11,375ml,"쌀(국내산), 감귤 진피, 정제수",제주샘주
홍천강 탁주,11,500ml,"홍천 쌀, 정제수, 국(밀 누룩)",예술주조
추사 블루베리 와인,11,375ml,"예산블루베리 60%(국내산), 설탕, 구연산, 무수아황산, 소르빈산칼륨",예산사과와인
한스오차드 사과와인,11,750ml,사과,㈜한국애플리즈
프리미엄 애플와인 한스오차드,11,750ml,국내산 사과,㈜한국애플리즈
뱅꼬레 화이트와인,11,375ml,양조용포도(경북 영천),한국와인
나루 생 막걸리 11.5도,11.5,500ml,"정제수, 쌀(국내산), 국, 효모(밀함유)",한강주조
젤코바 스페셜와인,11.5,"375ml, 500ml, 750ml","국내산 산머루, MBA포도",젤코바와이너리
뱅꼬레 로제와인,11.5,375ml,양조용포도(영천),한국와인
산머루 크라테 로제,11.5,375ml,산머루,수도산와이너리
산머루 크라테 드라이,11.5,750ml,산머루,수도산와이너리
산머루 크라테 스위트,11.5,750ml,산머리(국내산),수도산와이너리
"코이버펑크, 샤르도네 세미용 2018",11.5,750ml,"샤르도네 포도품종, 세미용 포도품종, 실바너 포도품종",코이버펑크
기다림 34,12,500ml,"국내산 멥쌀, 국내산 찹쌀, 곡자, 정제수",제이케이크래프트
여인,12,500ml,"구멍떡, 누룩, 찹쌀",중원당
오매백주,12,500ml,"쌀(국내산), 국, 효모, 정제수",농업회사법인 오산양조(주)
만남의장소 (단종),12,750ml,"멥쌀, 밀누룩, 꿀, 건포도, 레몬, 생강, 후추, 효모",구름아 양조장
씨(C) 그린막걸리,12,500ml,"쌀, 물, 누룩, 케일, 개똥쑥",씨(C) 막걸리
씨(C) 옐로막걸리,12,500ml,"쌀, 물, 누룩, 당근, 레몬그라스",씨(C) 막걸리
씨(C) 막걸리 시그니처 큐베,12,500ml,"쌀, 물, 누룩, 노간주나무열매, 건포도",씨(C) 막걸리
구름을 벗삼아,12,750ml,"백미(국내산: 지역햅쌀 100%), 우리밀 전통누룩",문경주조
연오랑탁주,12,750ml,"정제수, 쌀(국내산, 포항쌀), 누룩, 효모, 조제종국, 정제효소제, 젖산",동해명주
풍정사계 추(秋),12,500ml,풍정사계 추(秋),화양
호모루덴스,12,500ml,"쌀, 누룩, 정제수",산수양조장
문삼이공(moon320) 잣 주,12,500ml,"찹쌀19.02%, 멥쌀13.16%, 누룩3.3%, 잣1.02%, 정제수63.5%",마마스팜
자희향,12,500ml,"찹쌀(국내산), 멥쌀(국내산), 누룩(국내산), 정제수",자희자양
찹쌀 생막걸리 12도,12,750ml,"찹쌀, 멥쌀, 누룩",삼산주조장
젤코바 프리미엄 와인,12,"500ml, 750ml","국내산 산머루, MBA포도",젤코바와이너리
라이코펜 토마토와인,12,"350ml, 500ml",국내산 토마토,토마토와인주식회사
연천 연주,12,500ml,"쌀(국내산), 누룩, 정제수",농업회사법인 연천양조(주)
성읍민속마을 오메기술,12,375ml,"좁쌀, 누룩",술다끄는집
맑은내일 우포,12,"325ml, 500ml","국내산 쌀, 옥수수전분, 효모, 누룩, 양파, 정제수",우포의아침
다래와인 7004D,12,750ml,참다래,오름주가
그랑티그르 M1988,12,750ml,"캠벨얼리 포도, 오미자",월류원
그랑티그르 CE2002,12,750ml,캠벨얼리 포도,월류원
여포의 꿈 레드,12,750ml,국내산 포도,여포와인농장
시나브로 레드 드라이,12,750ml,캠벨얼리,불휘농장
시나브로 청수 화이트,12,750ml,청수 100%,불휘농장
백련 맑은술,12,375ml,"백미, 정제수, 물엿, 과당, 누룩, 백련잎, 누룩 등",신평양조장
혼디주,12,330ml,"제주산감귤, 백설탕, 구연산, 무수아황산",㈜시트러스
스파클링와인 오미로제 결,12,750ml,오미자,오미나라
샤토미소 랑,12,375ml,청수,도란원
초선의 꿈,12,375ml,국내산 포도,여포와인농장
여포의 꿈 (화이트),12,750ml,국내산 포도,여포와인농장
샤토미소 레드 스위트,12,750ml,"포도, 산화방지제, 효모, 설탕 등",도란원
추사 애플와인,12,375ml,사과(국내산),예산사과와인
감그린 스페셜,12,750ml,감(국내산),청도감와인
감그린 레귤러,12,750ml,감(국내산),청도감와인
스타베리오디,12,500ml,양조용포도(영천),한국와인
추사 로제,12,375ml,사과,예산사과와인
아이스 375,12,375ml,포도,고도리 와이너리
로제 와인 750,12,750ml,친환경 GAP 거봉포도,고도리 와이너리
레드 와인 500,12,500ml,친환경 거봉 포도,고도리 와이너리
복분자음,12,375ml,"복분자(국내산), 정제수",배상면주가
감악산 산머루주,12,360ml,"머루원액 78.5%(경기 파주), 주정(국내산, 수입산)",
고도리 레드와인 스위트,12,750ml,MBA 머루포도(영천),고도리 와이너리
뱅꼬레 아이스와인,12,375ml,양조용포도(영천),한국와인
뱅꼬레 레드와인,12,375ml,양조용포도(영천),한국와인
두레앙와인,12,750ml,거봉포도,두레양조
무주구천동머루와인,12,750ml,머루,덕유양조
그랑꼬또 M56,12,750ml,포도,그린영농조합
그랑꼬또 로제와인,12,750ml,포도,그린영농조합
그랑꼬또 청수,12,750ml,포도,그린영농조합
오미로제 스파클링 와인,12,750ml,국내산 오미자,문경주조
그랑꼬또 레드와인,12,"750ml, 375ml",국내산 포도(캠벨얼리),그린영농조합
자두와인,12,750ml,국내산 자두,자두사랑
머루드서,12,300ml,국내산 산머루 100%,산머루농원영농조합법인
너와머루와인,12,"500ml, 700ml",국내산 산머루 100%,산머루농원영농조합법인
샤토미소 로제스위트와인,12,375ml,국내산 포도원액,도란원
머루이야기,12,350ml,국내산 머루(전북 무주),산들벗(주0
하얀연꽃 백련맑은 술,12,"375ml, 750ml","국내산 쌀, 백련잎",신평양조장
오미시앙 스페셜,12,500ml,"오미자, 주정, 설탕, 효모",알에프
오미로제 프리미어와인,12,750ml,오미자(문경산),농업회사법인(주)제이엘
오가피와인,12,500ml,"오가피 열매(국내산), 백설탕, 효모, 메타중아황산칼륨",영농조합법인 금이산농원
예밀와인 로제,12,750ml,포도(캠벨얼리),예밀2리영농조합법인
예밀와인 레드 스위트,12,750ml,포도(캠벨얼리),예밀2리영농조합법인
여포의 꿈 레드(SWEET),12,750ml,국내산 포도 100%,여포와인농장
여포의 꿈 레드(Dry),12,750ml,국내산 포도 100%,여포와인농장
시나브로 레드 스위트,12,750ml,포도(캠벨얼리),불휘농장
시나브로 드 글로리아,12,750ml,포도(캠벨얼리),불휘농장
사과와인,12,500ml,"사과(국내산), 백설탕, 효모, 메타중아황산칼륨",금이산농원
블루베리 이야기,12,375ml,"국내산 산머루 50%, 블루베리 50%",농업회사법인산들벗(주)
복숭아와인,12,500ml,"복숭아(국내산), 백설탕, 효모, 메타중아황산칼륨",금이산농원
미소 아이스,12,375ml,"포도, 산화방지제, 효모",도란원
베베마루 캠밸로제,12,375ml,포도(캠벨얼리),월류원
머루드 서 스위트,12,750ml,국내산 산머루,산머루농원
마셔블랑,12,750ml,"감귤과즙, 백설탕, 액상효모, 무수아황산",시트러스
도로시 머루주,12,500ml,"국내산 산머루원액 78.5%, 주정",산머루농원영농조합법인
대잎술,12,300ml,"쌀, 누룩, 댓잎, 솔잎, 진피, 갈근, 오미자, 구기자, 죽력 등",추성고을
로제와인,12,550ml,포도(국내산),갈기산포도농원
소백산 스위트 와인,12,750ml,포도(국내산),산내들와인
산머루와인 깊은맛 드라이,12,750ml,산머루,하미앙
오크와인,12,750ml,산머루,
삼양춘 생탁주,12.5,500ml,"강화섬쌀, 전통누룩, 정제수",송도향전통주조
국순당 이화주,12.5,400ml,"이화누룩, 국내산쌀",국순당
금산인삼주 12.5%,12.5,360ml,"국내산쌀 93.5%, 국내산인삼 6.5%",금산인삼주
명인 홍삼주,12.5,375ml,"쌀, 홍삼, 누룩, 정제수 등",금산인삼주
"코이버펑크, 머스캣 베일리 에이 2017",12.5,750ml,머스캣 벨일리 베이 포도품종 100% (경북 영천),코이버펑크
"코이버펑크, 카베르네 소비뇽 2019",12.5,750ml,카베르네 소비뇽 포도품종 100% (경북 영천),코이버펑크
맑은 문희주,13,750ml,"국내산 유기농찹쌀, 국내산 멥쌀, 전통누룩, 정제수",문경주조
동학 1957,13,"375ml, 700ml","국내산 쌀, 구연산, 효모, 젖산, 정제효소제, 국, 주정, 정제수",고헌정영농조합법인
대윤 가야곡 왕주,13,300ml,"쌀, 누룩, 효모, 물엿, 정제수",대윤가야곡주조
감자술 13%,13,700ml,"국내산 백미, 국내산 감자, 누룩, 효모, 정제수",오대서주양조
지리산 강쇠,13,375ml,"정제수, 쌀, 누룩, 오가피, 산수유, 오미자, 정백당 ,구연산, 정제효소, 야관문",농업회사법인(유)술소리
라이스퐁당,13,500ml,"정제수, 찹쌀, 누룩, 삼지구엽초, 감초",벗드림양조장
술예쁘다 생탁주,13,500ml,"국내산 쌀, 누룩",좋은술
백운복분자주,13,360ml,"국내산 쌀, 국내산 복분자",백운주가
세종대왕어주 탁주,13,500ml,"쌀(국내산), 누룩, 정제수",장희
세종 오가닉,13,375ml,"정제수, 유기농 백미, 국, 효모, 정제효소, 구연산",조은술 세종
모을동주 약주,13,375ml,"쌀(국내산), 조제종국 효모, 정제효소, 정제수",대작영농조합법인
솔송주,13,375ml,"백미(국내산) 90%, 솔잎·송순(국내산) 10%",솔송주
김포예주,13,750ml,"국내산 쌀, 옥전분",김포양조
황진이주,13,375ml,"국내산 오미자, 국내산 산수유",농업회사법인(유)술소리
만품 산삼가득,13,350ml,"국내산쌀(경기미), 국내 산양산삼",대농바이오우리산삼
민들레대포,13,330ml,"쌀, 누룩, 민들레",배상면주가
가야곡왕주,13,750ml,"쌀, 야생 국화, 구기자, 오미자, 솔잎, 매실",민속주왕주
오메기술,13,375ml,"백미(국내산), 차조(국내산), 입국(국내산), 누룩, 효모",제주샘주
모월 연,13,500ml,"국내산 쌀, 밀누룩(국산)",모월
백세주,13,375ml,"설갱미, 전통누룩, 구기자, 오미자, 홍삼, 산수유, 진피, 백문동, 백수오, 산사, 건강, 고수, 감초, 수국",국순당
석로주,13,720ml,"국내산 쌀, 석이버섯, 누룩, 효모, 정제수",석이원주조
김포별주,13,500ml,"쌀, 옥수수 전분, 국, 효모, 젖산, 효소제, 정제수",김포양조
김포예주 프리미엄,13,750ml,"국내산 쌀, 국, 효모, 젖산, 정제수",김포양조
송이주,13,375ml,"국내산 쌀, 송이농축액, 누룩, 정제수",내국양조
능이주,13,375ml,"국내산 쌀, 능이농축액, 누룩, 정제수",내국양조
우곡주,13,375ml,쌀,배혜정도가
문희 탁주,13,700ml,국내산 쌀,문경주조
예화,13,750ml,"쌀, 누룩, 효모, 물엿, 정제수",농업회사법인 대윤가야곡주조(주)
샤토미소 레드 드라이,13,750ml,"MBA, 산머루, 캠벨 얼리",도란원
고창선운산 땡큐블루베리주,13,300ml,"블루베리과실, 주정, 효모, 구연산, 정제수",고창선운산
고창선운산 땡큐복분자주,13,300ml,"복분자과실, 주정, 효모, 구연산, 정제수",고창선운산
부안참뽕와인,13,750ml,"정제수, 오디(국내산), 주정, 과당",동진주조
레드듀 RED DEW,13,750ml,무농약머루,동강산머루영농조합법인
명작복분자,13,375ml,복분자,국순당고창명주(주0
산막생대덕주,13,750ml,"국내산 찹쌀, 누룩",신탄진주조
천안연미주,13,375ml,국내산 쌀,입장주조㈜
오디랑,13,330ml,"오디(국산) 18.2%, 정제수, 과당, 주정, 구연산, 효모",국순당 고창명주
예밀와인 레드 드라이,13,750ml,포도(캠벨얼리),예밀2리영농조합법인
선운산 복분자와인,13,300ml,"복분자(고창산), 구연산, 과당, 아스파탐, 주정, 정제수",(주)선운산복분자주 흥진
샹스프랑보아즈,13,500ml,"복분자(고창산), 구연산, 과당, 구연산, 아스파탐, 주정, 정제수",(주)선운산복분자주 흥진
젤코바 캠벨와인,13.5,750ml,"유기농 캠벨포도, 유기농 설탕",젤코바와이너리
밤꽃향기,13.5,375ml,"국내산 쌀, 밤, 누룩, 정제수",사곡양조장
머루드 서 드라이,13.5,750ml,국내산 산머루,산머루농원
구기홍주 14,14,"360ml, 750ml","국내산 쌀, 국, 구기자추출액, 올리고당, 효모, 효소, 아세설팜칼륨, 정제수",두이술공방
그리움,14,700ml,"국내산 쌀, 누룩, 효모, 정제수",술샘
천비향 오양주 탁주,14,500ml,"국내산쌀, 누룩",좋은술
조선주조사,14,"300ml, 700ml","쌀(국내산), 입국, 누룩, 주정, 정제수",농업회사법인 우포의아침(주)
홍삼명주,14,"375ml, 500ml, 750ml",홍삼(국내산),자연과 인삼
율무 동동주,14,750ml,"쌀(국내산), 누룩, 효모, 연천 율무, 정제수",농업회사법인 연천양조㈜
매실향기 담은 술,14,500ml,"국내산 쌀, 효모, 조효소재, 물엿, 아스파탐, 정제수",명세주가
남산애 레드와인,14,750ml,"포도(캠벨얼리, MBA, 산머루)",예인화원
유기농이도 14,14,750ml,"물, 유기농쌀(국내산),국[유기농쌀(국내산)], 우리밀누룩(국내산)",조은술 세종
복단지,14,375ml,"쌀(국내산), 복분자(국내산), 누룩(국내산 밀함유)",술아원
양촌 우렁이쌀 청주,14,500ml,"국내산 찹쌀, 국내산쌀, 입국, 효모, 종국",양촌양조
감사블루,14,375ml,"쌀(국내산 경기미 100%), 누룩, 효모, 정제수",술샘
감사,14,375ml,"쌀(국내산 경기미 100%), 누룩, 정제수",술샘
배꽃 필 무렵,14,20ml / 140ml,"맵쌀, 잣잎추출물",예술주조
양지백주,15,500ml,"국내산 쌀, 누룩, 효모, 정제수",양지술곳간
대통대잎술,15,700ml,"쌀, 누룩, 갈근, 구기자, 솔잎, 진피 등",추성고을
녹파주,15,375ml,"국내산 찹쌀, 멥쌀, 누룩, 정제수",솔송주(명가원)
기다림 맑은술,15,500ml,"국내산 멥쌀, 국내산 찹쌀, 곡자, 정제수",제이케이크래프트
순향주,15,375ml,"쌀, 누룩, 정제수",추연당
희양산 막걸리 15도,15,500ml,"정제수, 쌀(국내산), 누룩(국내산), 효모",두술도가
석탄주 탁주,15,500ml,"국내산 찹쌀, 누룩, 정제수",케이소주
바랑 탁,15,375ml,"국내산 찹쌀, 국내산 멥쌀, 누룩, 소맥분, 정제수",금계당
방문주 탁주,15,500ml,"국내산 찹쌀, 누룩, 정제수",케이소주
원매,15,750ml,"매실원주액, 매실청, 꿀, 카라멜, 효소처리스테비아, 정제수",더한주류
정고집 나주배 약주 15%,15,500ml,"쌀, 쌀가루(국내산), 배착즙액(나주산), 정제효소제, 종국, 젖산, 효모",남도탁주
애석,15,500ml,"국내산쌀, 누룩, 정제수",농업회사법인 (주)두루
석탄주 약주,15,500ml,"국내산 찹쌀, 누룩, 정제수",케이소주(전주가양주연구소)
모든날에,15,500ml,"정제수48.8%, 찹쌀(국내산, 39%), 멥쌀(국내산, 7.8%), 밀누룩4.4%",양지술곳간
보성 강하주,15,350ml,국내산 찹쌀100%,보성강하주
자희향 국화주,15,375ml,국내산 쌀,자희자양
방문주 약주,15,500ml,"국내산 찹쌀, 누룩, 정제수",케이소주
맑은술 해밀,15,500ml,"쌀, 누룩, 정제수",내변산양조장
맑은바당,15,375ml,"쌀(국내산), 국(밀누룩)",술도가 제주바당
풍정사계 춘(春),15,500ml,"찹쌀, 향온곡",화양
삼양춘 청주,15,500ml,"정제수, 찹쌀, 맵쌀, 누룩",삼양춘
세종대왕어주 약주,15,500ml,"쌀, 누룩 정제수",
술아 국화주,15,375ml,"국내산 찹쌀, 누룩, 건조국화꽃, 증류주, 정제수",술아원
술아 연화주,15,375ml,"국내산 찹쌀, 누룩, 건조연화꽃, 증류주, 정제수",술아원
술아 매화주,15,375ml,"국내산 찹쌀, 누룩, 건조매화꽃, 증류주, 정제수",
김포특주,15,375ml,"국내산 쌀, 효모, 정제효소,정제수, 프락토올리고당",김포금쌀탁주영농조합법인
삼양춘 생약주,15,500ml,"강화섬쌀, 전통누룩, 정제수",삼양춘
미인약주,15,500ml,"찹쌀, 누룩, 정제수",최행숙전통주가
공주애 오디와인,15,375ml,"국내산 오디, 정제수, 주정, 과당, 효모",사곡양조원
도원결의,15,375ml,"정제수, 쌀, 복숭아, 조효소제, 효모, 젖산, 정제효소제, 효소처리스테비아, 구연산, 복숭아향",농업회사법인영덕주조
고창선운산 복분자주 특1호,15,1800ml,"복분자과실, 주정, 효모, 구연산, 정제수",고창선운산
예주,15,750ml,"복분자, 주정, 효모, 정제수",용두산조은술
당당하리,15,375ml,"쌀(국산), 홍마늘(국산), 감초(국산), 효모, 개량누룩, 정제효소제, 정제수, 복분자(국산), 설탕, 올리고당, DL-사과산, 구연산, 무수이황산",농업회사법인(주)세찬
마주 소곡주,16,500ml,"국내산 찹쌀, 국내산 백미, 모싯잎, 우리밀 누룩, 정제수, 효모",옥순가 소곡주 마주
여민락주,16,500ml,"국내산 쌀, 누룩, 효모, 정제수",여주육묘영농조합법인
어우야,16,365ml,"야관문(제주산), 정제수, 포도당, 효모",왕지케양조장
산내울 사과애주,16,750ml,"사과, 설탕, 주정, 정제수, 과당",거창사과원예농협
산내울 복분자주,16,750ml,"복분자, 설탕, 주정, 정제수, 과당",거창사과원예농협
르깔롱,16,500ml,"정제수, 주정, 고과당, 죽력, 메론후레바, 레이지라임, 코코넛향, 윌튼스카이아이싱칼라",추성고을
녹고의 눈물,16,500ml,섬오가피,토향
"동백꽃, 제주",16,365ml,"동백꽃잎, 정제수, 포도당 효모",제주본초협동조합 왕지케양조장
꿀샘 16,16,375ml,"정제수, 주정, 설탕, 천연꿀, 생강, 구연산",농업회사법인 주식회사 술샘
티나(TINA),16,750ml,딸기(국내산),추성고을
술샘16,16,375ml,"쌀(국내산), 오미자(국내산), 주정, 정백당",술샘
산내울 오미자주,16,750ml,"오미자, 설탕, 주정, 정제수, 과당",
주몽복분자주,16,375ml,"국내산 쌀, 국내산 복분자",농업회사법인(유)술소리
신선주,16,750ml,"쌀, 능금, 신선초, 천궁, 구기자, 당귀솔잎, 대추, 인삼",용두산조은술
설련주,16,750ml,"백련, 찹쌀, 멥쌀, 누룩",영농조합법인 석전상온전통주가
서주 16%,16,400ml,"백미(국내산), 감자(국내산), 누룩, 효모, 정제수",오대서주양조
경주교동법주,16,900ml,찹쌀(국내산),교동법주
김천과하주 16%,16,700ml,국내산 찹쌀,김천과하주
해남진양주,16,375ml,국내산 찹쌀(해남),해남진양주
모월 청,16,500ml,"쌀(국내산), 누룩, 정제수",모월
내장산 복분자주 지통1호,16,700ml,"복분자, 주정, 정제수, 설탕 등",내장산 복분자 영농조합
동짓달 기나긴 밤,16,500ml,"찹쌀, 맵쌀, 복분자, 전통누룩, 정제수",예술주조
원조소곡주,16,720ml,"찹쌀(36%), 누룩(3%)",원조소곡주
천비향 오양주 약주,16,500ml,"국내산 쌀, 누룩",좋은술
청진주,16,375ml,"찹쌀, 누룩, 정제수",전통주연구개발원
오메기 맑은술,16,500ml,"좁쌀, 햅쌀, 정제수, 누룩",제주고소리술익는집
청양둔송구기주,16,700ml,"쌀, 누룩, 구기자, 감초, 두충껍질",청양둔송구기주
예담은 한산소곡주,16,750ml,"찹쌀, 멥쌀, 누룩, 대두, 구절초",한산예담은소곡주
무주구천동산머루주,16,"750ml, 360ml",머루,
선운산 복분자주,16,375ml,"복분자(고창산), 과당, 구연산, 아스파탐, 무수아황산",(주)선운산복분자주 흥진
복분자주 360,16,360ml,"복분자, 주정, 정제수, 설탕 등",내장산 복분자 영농조합
명가원 복분자술,16,750ml,"복분자(37.65%), 주정, 정제수, 구연산, 호박산, 정제식염, 액상과당, 효모, 설탕",명가원
대관령 복분자주,16,400ml,국내산 복분자,홍지원
경산대추약주 추,16,375ml,"찹쌀, 맵쌀 , 누룩, 대추 (국내산100%)",미송주가
장수 오미자주,16.5,360ml,"오미자(국내산), 정제수, 주정, 설탕, 효모",알에프
밤빛머루,16.9,360ml,무주 머루,농업회사법인 산들벗(주)
느린마을 증류주,16.9,360ml,쌀(국내산),배상면주가
아이엠더문,17,750ml,"사과(국내산), 포도(국내산), 딸기(국내산), 블러드 오렌지, 망고 농축액, 증류식 소주원액",조은술 세종
청명주,17,500ml,국내산 쌀,중원당
하향주,17,750ml,찹쌀,하향주가
지란지교,17,500ml,"찹쌀,멥쌀,전통누룩(밀),정제수",(유)친구들의 술 지란지교
아황주,17,500ml,"찹쌀, 멥쌀, 누룩, 정제수",최행숙전통주가
청명주 750,17,750ml,"찹쌀,누룩,소맥분",중원당
동몽,17,500ml,"홍천 쌀, 정제수, 단호박, 국(밀 누룩)",예술주조
안동소주 일품 17도,17,350ml,"국내산 쌀, 입국",안동소주일품
명랑 스컬,17,375ml,"매실증류주원액, 벌꿀, 포도당, 노간주나무열매, 정제수",더한주류
별바랑,17.5,375ml,"국내산 찹쌀, 국내산 멥쌀, 누룩, 정제수",금계당
자연송이주,18,720ml,자연송이버섯,솔래원
이상헌 약주,18,500ml,"아산쌀, 국(국내산 밀누룩), 정제수",이가수불
한산소곡주,18,"700ml, 1800ml","찹쌀, 국내산 멥쌀",한산소곡주
청세주,18,375ml,국내산 쌀,병영주조장
노미,18,700ml,"국내산 찹쌀, 국내산 쌀",
면천두견주 900,18,900ml,"국내산 찹쌀, 누룩, 진달래꽃",면천두견주
면천두견주 700,18,700ml,"국내산 찹쌀, 누룩, 진달래꽃",면천두견주
면천두견주 360,18,360ml,"국내산 찹쌀, 누룩, 진달래꽃",면천두견주
사시통음주,18,550ml,"쌀, 누룩, 밀가루",국순당
면천두견주,18,"360ml, 700ml","국내산 찹쌀, 누룩, 국내산 진달래꽃",㈜면천두견주
남산애 포트와인,18.5,750ml,"포도(캠벨얼리, MBA, 산머루)",예인화원
해방주,18.8,375ml,해방풍연한잎(국내산),농업회사법인영덕주조
모리,19,375ml,"정제수, 보리증류원액",강산명주
술샘19,19,375ml,"주정, 증류식소주, 정백당, 생강, 강황(국내산)",술샘
선운산 복분자주 프리미엄,19,700ml,"복분자(고창산), 과당, 구연산, 아스파탐, 무수아황산",(주)선운산복분자주 흥진
느낌 19.8,19.8,360ml,"국내산 백미, 누룩, 효모, 정제수",명품 안동소주
동강더덕주,20,360ml,"더덕, 대추구기자, 감초, 원지",영월더덕영농조합법인
호담 300ml,20,300ml,"산양산삼, 정제수, 주정",대농바이오우리산삼
산삼가득 명술,20,375ml,"국내산 주정, 국내산 산양산삼 5년근",대농바이오우리산삼
원매 프리미엄,20,700ml,국내산 황매실,더한주류
경성과하주,20,375ml,"국내산 찹쌀, 국내산 누룩, 증류원액",
술아 순곡주,20,375ml,"국내산 찹쌀, 누룩, 증류주, 정제수",
원매 프리미엄,20,700ml,매실,더한주류
원매,20,750ml,"매실원주액, 매실청, 꿀, 카라멜, 효소처리스테비아, 정제수",더한주류
계룡산 산삼주 금수강산 21%,21,740ml,"산양산삼, 정제수, 주정",한국산삼
느린마을소주21,21,375ml,"쌀, 정제수, 입국, 조효소제, 건조효모",배상면주가
안동소주 일품 21도,21,350ml,"국내산 쌀, 입국",안동소주일품
진맥소주 22%,22,375ml,유기농 우리밀 100%,농업회사법인 (주)밀과노닐다
이도 22,22,375ml,쌀(국내산),조은술 세종
명인 안동소주 22%,22,360ml,"쌀(국내산), 누룩, 정제수",명인안동소주
연천 우주,22,360ml,"쌀(국내산), 누룩, 효모, 효소, 연천율무, 정제수",농업회사법인 연천양조(주)
혼,22,375ml,문경사과(국내산),오미나라
과하주23,23,"400ml, 700ml, 1000ml",쌀 100%,김천과하주
토끼 소주,23,375ml,"정제수, 찹쌀, 누룩, 효모, 효소제\",농업회사법인 토끼소주㈜
감이슬,23,375ml,국내산 감,양촌감영농조합법인
대장부23,23,375ml,"정제수, 쌀, 효모, 종국, 보리",롯데칠성음료
예천주 사월24,24,375ml,"오미자(국내산)증류원액, 건오미자(국내산)추출액, 정제수",농업회사법인(주)착한농부
미상25,25,350ml,"감귤(제주산)증류주원액, 정제수, 스테비올배당제",시트러스
이강주 2호,25,750ml,"쌀, 소맥분, 정맥, 배, 생강, 계피, 울금, 꿀",전주 이강주
서울의 밤,25,375ml,"매실증류주원액, 벌꿀, 포도당, 노간주나무열매, 정제수",더한주류
진쾌남,25,330ml,"국내산 쌀, 밤, 누룩, 구기자, 오미자, 산수유, 오가피, 동충하초, 정제수",사곡양조장
장수홍삼주,25,750ml,국내산 인삼,경원리큐르
왕율주,25,330ml,"국내산 쌀, 밤, 누룩, 정제수",사곡양조원
화주,25,375ml,"국내산 쌀, 홍삼농축액, 정제수",내국양조
문배술 헤리티지 25도,25,375ml,"메조, 찰수수, 쌀",문배주양조원
추성주,25,350ml,"국내산 쌀, 국내산 한약재",추성고을
담양 죽력고,25,350ml,"정제수, 국내산 쌀, 누룩, 죽력, 계피, 석창포, 생강, 효모",추성고을
귀감,25,350ml,"제주산 감귤과즙, 백설탕, 액상효모, 스테비올배당체, 무수아황산",시트러스
겨울소주 25,25,360ml,"국내산 쌀, 증류원액, 효모, 효소, 정제수",두이술공방
감아락 25,25,500ml,"국내산 쌀, 감증류원액",배상면주가
백제한산군주,25,250ml,"찹쌀, 물, 멥쌀, 주정, 효모, 홍고추, 구절초, 과당, 소금, 스테비아",㈜백제명가주조
문경바람 백자 25,25,750ml,사과,제이엘
필,25,375ml,고구마증류원액(여주산 100%),술아원
려,25,"375ml, 500ml","고구마(여주산 100%), 쌀(여주산 100%)",국순당
모월 로,25,500ml,"쌀(국내산), 누룩, 정제수",
모월로미니,25,150ml,"쌀(국내산), 누룩, 정제수",
설궁,30,700ml,"자연산 송이버섯, 산양산삼, 토종벌꿀",솔래원
톡 한잔 소주,30,500ml,"국내산 보리, 쌀",(농)(유)대마주조
느낌 30,30,360ml,"국내산 백미, 누룩, 효모, 정제수",명품 안동소주
천매,30,600ml,매실,더한주류
죽력고,32,700ml,"국내산쌀, 죽력, 누룩, 정제수",태인합동주조장
두레앙 브랜디,35,750ml,거봉포도원액,두레양조
한비 유자술,35,750ml,"쌀(국내산), 유자(국내산)",제천한약(영)
한비 무병장수술,35,"375ml, 750ml","국내산쌀, 흑삼, 인삼, 오가피, 오미자, 구기자, 복분자, 차전자, 토사자, 산수유",제천한약(영)
한비 동충하초술,35,"375ml, 750ml","국내산 쌀, 누룩, 가시오가피 뿌리, 동충하초, 정제수",제천한약(영)
한비오가피술골드,35,500ml,"국내산 쌀, 국내산 오가피",제천한약(영)
한주,35,360ml,"국내산 쌀, 밀누룩, 정제수",한주양조
한비 오가피술,35,"375ml, 750ml","국내산 쌀, 누룩, 가시오가피 뿌리, 정제수",제천한약영농조합법인
두레앙증류주,35,750ml,거봉포도,두레양조
금휘,35,500ml,"국내산 쌀, 황기, 금나노화된 황금물",용두산조은술(영)
두레앙,35,750ml,국내산 포도,두레양조
백이주,35,800ml,"쌀(국산), 홍마늘액(국산), 감초(국산), 개량누룩(국산), 효모, 정제효소제, 정제수, 밀함유",농업회사법인(주)세찬
예천주 사월365,36.5,375ml,"오미자(국내산)증류원액, 건오미자(국내산)추출액, 정제수",농업회사법인(주)착한농부
송화백일주,38,700ml,"송화, 솔잎, 산수유, 오미자, 구기자",송화양조원
명품홍주,38,375ml,"쌀, 지초",대대로영농조합법인
병영설성사또,40,750ml,"국내산 쌀, 국내산 오디, 국내산 복분자",병영주조장
남한산성소주,40,400ml,"쌀, 엿, 누룩",남한산성소주
"진도홍주, 만홍",40,"400ml, 500ml","국내산 쌀, 국내산 지초",대대로영농조합법인
문배술,40,"500ml, 1000ml","국내산 찰수수, 국내산 메조",문배주양조원
천지향 증류주,40,500ml,국내산 복분자,함평천지복분자(영)
감홍로,40,400ml,국내산 쌀,감홍로
의림소주,40,700ml,국내산 쌀,제천한약(영)
진도홍주 루비콘,40,375ml,"쌀, 누룩, 지초, 정제수",대대로영농조합법인
금과 명주,40,750ml,"사과증류주, 고과당, 사과향, 카라멜",㈜한국애플리즈
예천주복 만월40,40,350ml,"복분자증류원액, 복분자과즙, 정제수",착한농부
진맥 소주,40,200ml,통밀 소주원액,맹개술도가
제주낭만,40,500ml,"쌀, 백도라지",술도가제주바당
키위술,40,500ml,"그린키위, 골드키위",술도가제주바당
담솔,40,"500ml, 750ml","백미(함양산) 90%, 솔잎·송순(함양산) 10%",솔송주(명가원)
오매락퍽,40,500ml,국내산 배증류원액,배상면주가
천비향 화주,40,375ml,"국내산 쌀, 누룩",좋은술
계룡산 산삼주 금수강산 40%,40,740ml,"산양산삼, 정제수, 주정",한국산삼
한비 쌀소주,40,"375ml, 750ml","국내산 쌀, 누룩, 정제수",제천한약영농조합법인
문경바람 오크,40,"750ml, 375ml",사과(문경),오미나라
추사40,40,500ml,사과,예산사과와인
징기스칸,40,375ml,레드와인,고도리 와이너리
로아40 옐로우,40,350ml,"쌀(국산), 배(국산)",배혜정도가
오매락,40,500ml,"배를 증류한 원액, 정제수, 설탕, 매실, 오매(구운 매실)",배상면주가
제주술익는집 고소리술,40,400ml,"잡곡, 누룩, 정제수",제주고소리술익는집
문배술 헤리티지 40도,40,200ml,"메조, 찰수수, 쌀",문배주양조원
계룡백일주 40%,40,600ml,"찹쌀, 백미, 누룩, 재래종국화꽃, 오미자, 진달래, 재래종 솔잎",계룡백일주
감홍로 백자,40,"400ml, 700ml","쌀(70%), 메조(30%), 용안육, 진피, 생강, 정향, 감초, 지초",감홍로
타미앙스,40,500ml,"국내산 쌀, 국내산 한약재",추성고을
막시모 40,40,500ml,"국내산 오미자 증류원액, 국내산 오미자 원액, 정제수",착한농부
고구마 아락,40,500ml,"정제수, 고구마, 보리",배상면주가
예천주복 만월24,40,350ml,"복분자(국내산)증류원액, 복분자(국내산)과즙, 정제수",농업회사법인(주)착한농부
안동소주 일품 40도 골드,40,500ml,"국내산 쌀, 입국",안동소주일품
설레온,40,375ml,"쌀, 누룩, 효모, 정제수",농업회사법인 대윤가야곡주조(주)
샤토미소 영동,40,200ml,포도,도란원
병영소주,40,700ml,"정제수, 보리증류식 소주원액(보리: 국내산)",병영양조장
문경바람 백자 40,40,750ml,사과,제이엘
배도가 로아 40도 옐로우,40,350ml,"국내산 쌀, 국내산 배",배혜정도가
메밀이슬,40,500ml,"메밀(제주산), 입국(국내산), 효모, 정제수",술도가제주바당
커피냑,40,500ml,"커피생두, 백설탕, 효모, 정제수, 클로로겐산",제주커피수목원
로아40 레드,40,350ml,사과소주원액,배혜정도가
복분자아락40,40,500ml,복분자 증류원액,배상면주가
오디아락40,40,500ml,오디증류주원액,배상면주가
녹천 소곡화주 500ml,41,500ml,"찹쌀, 누룩, 백미, 정제수",녹천주조장
녹천 소곡화주 480ml,41,480ml,"찹쌀, 누룩, 백미 , 정제수",녹천주조장
마주 소곡화주,41,500ml,"국내산 찹쌀, 국내산 백미, 모싯잎, 우리밀 누룩, 정제수, 효모",옥순가 소곡주 마주
모월 인,41,500ml,"국내산 쌀, 정제수, 밀누룩",모월
원조 소곡화주,41,300ml,"찹쌀, 멥쌀, 누룩",원조소곡주
예담은 한산소곡화주,41,500ml,"찹쌀, 멥쌀, 누룩, 대두, 구절초",한산예담은소곡주
주향담을,41,500ml,"쌀, 국, 효모, 정제수",농업회사법인 담을
모월인미니,41,150ml,"쌀(국내산), 누룩, 정제수",
유기농 이도 42,42,750ml,"유기농쌀 (100%), 정제수, 증류원액, 국, 조제종국, 효모 등",조은술 세종
소여강,42,375ml,"쌀(경기미), 누룩(국내산), 물(정제수)",추연당
금산인삼백주,43,500ml,"국내산쌀 95.8%, 국내산 인삼 4.2%",㈜금산인삼주
불소곡주,43,700ml,"찹쌀, 국내산 멥쌀",한산소곡주
금산인삼주 수삼 500,43,500ml,"국내산 쌀, 국내산 인삼",㈜금산인삼주
소나무와 학,43,700ml,"국내산 쌀, 황기",용두산조은술(영)
수삼단본 720,43,720ml,"국내산 쌀, 국내산 인삼",㈜금산인삼주
두리향,43,500ml,"국내산 찹쌀, 누룩, 정제수",케이소주
수성 프리미엄 백주43,43,500ml,"수수, 정제수",㈜수성주류
부자진 배치#0001,44,375ml,"캐모마일, 라벤더, 레몬 베버나, 노간주나무 열매, 한라봉, 헛개나무, 솔잎,쑥",㈜부자진농업회사법인
부자진 오미자 진,44,375ml,"솔잎, 쑥, 헛개, 한라봉, 오미자 등",(주)부자진농업회사법인
세우리,45,700ml,"산양삼, 하수오, 구기자, 쌀",제주샘주
명인 안동소주 하회탈,45,800ml,국내산 쌀 100%,명인안동소주
명인 안동소주,45,800ml,국내산 쌀 100%,명인안동소주
안동소주,45,"400ml, 600ml, 800ml",국내산 쌀,민속주안동소주
로얄 안동소주,45,"600ml, 800ml",국내산 쌀,(농)유토피아㈜
명인 안동소주 호리병,45,800ml,"국내산 쌀, 누룩, 정제수",명인안동소주
메밀로,45,500ml,"국내산 쌀, 메밀, 누룩, 정제수",두루
민속주 안동소주,45,400ml,"국내산 쌀, 누룩, 정제수",민속주안동소주
명인 안동소주 양반탈,45,800ml,"국내산 쌀, 누룩, 정제수",명인안동소주
삼해소주,45,400ml,"멥쌀, 찹쌀, 누룩",㈜삼해소주
추사47,47,500ml,"예산사과(100%), 효모",
송로주,48,700ml,"멥쌀, 솔옹이, 솔잎, 복령",송로주
강소주,50,"200ml, 1800ml","국내산 쌀, 정제수",내국양조
신례명주,50,750ml,"제주산감귤, 감귤 증류주",시트러스
고운달 백자,52,500ml,오미자(문경산),오미나라
고운달 오크,52,500ml,오미자(문경산),오미나라
이상헌 소주,52,500ml,증류소주원액,농업회사법인 이가수불㈜
예술주조 `무작`,53,350ml,"홍천쌀, 밀누룩, 정제수",예술주조
독산 53,53,250ml,"국내산 쌀, 누룩, 효모, 정제수",오산양조
이담,55,700ml,"국내산 쌀, 국내산 배",배혜정도가
주향아라,55,500ml,"쌀, 국, 효모, 정제수",농업회사법인 담을
부자,10,375ml,"쌀, 정제수, 고과당, 효모 등",배혜정도가
부자,13,375ml,"쌀, 정제수, 고과당, 효모 등",배혜정도가
부자,16,375ml,"쌀, 정제수, 고과당, 효모 등",배혜정도가
매실원주 허니,13,300ml,"국내산 황매  80%, 청매20%",더한주류
매실원주 허니,15,300ml,"국내산 황매  80%, 청매20%",더한주류
매실원주 허니,20,300ml,"국내산 황매  80%, 청매20%",더한주류
The 찾을수록,14,360ml,"사과와인, 정제수, 정제주정 외 제품별 농축액 (복숭아, 포도, 사과, 감귤, 생강, 커피향 등)",㈜한국애플리즈
"전주이강주25%, 19%",19,"19-375ml, 25-500ml",국내산 쌀,전주이강주
"전주이강주25%, 19%",25,"19-375ml, 25-500ml",국내산 쌀,전주이강주
"진심홍삼인삼주 38%, 19%",19,"19-375ml, 38-750ml","국내산 쌀, 국내산 지초",(농)㈜태평주가
"진심홍삼인삼주 38%, 19%",38,"19-375ml, 38-750ml","국내산 쌀, 국내산 지초",(농)㈜태평주가
"명인안동소주 35%, 45%",22,"22, 35-360ml, 45-400ml, 600ml, 800ml",국내산 쌀,명인안동소주
"명인안동소주 35%, 45%",35,"22, 35-360ml, 45-400ml, 600ml, 800ml",국내산 쌀,명인안동소주
"명인안동소주 35%, 45%",45,"22, 35-360ml, 45-400ml, 600ml, 800ml",국내산 쌀,명인안동소주
미르,25,375ml,"쌀(국내산 경기미 100%), 누룩, 정제수",술샘
미르,40,375ml,"쌀(국내산 경기미 100%), 누룩, 정제수",술샘
미르,54,375ml,"쌀(국내산 경기미 100%), 누룩, 정제수",술샘
풍정사계 동(冬),25,375ml,"찹쌀, 향온곡",화양
풍정사계 동(冬),45,375ml,"찹쌀, 향온곡",화양
고소리술,29,"29-750ml, 40-375ml, 400ml","제주산 좁쌀53%, 국내산 쌀 47%",제주샘주
고소리술,40,"29-750ml, 40-375ml, 400ml","제주산 좁쌀53%, 국내산 쌀 47%",제주샘주
"진도홍주 아라리35%, 루비콘40%",35,"375ml, 500ml, 700ml","국내산 쌀, 국내산 지초",대대로영농조합법인
"진도홍주 아라리35%, 루비콘40%",40,"375ml, 500ml, 700ml","국내산 쌀, 국내산 지초",대대로영농조합법인
한주,35,700ml,국내산 쌀,한주양조
한주,45,700ml,국내산 쌀,한주양조
포항불로주,35,"35-750ml, 45-800ml",국내산 쌀,불로주
포항불로주,45,"35-750ml, 45-800ml",국내산 쌀,불로주
소호,36.5,"350ml, 750ml","평택 쌀(발아 현미, 백미), 누룩, 정제수, 대나무잎",밝은세상영농조합
소호,56,"350ml, 750ml","평택 쌀(발아 현미, 백미), 누룩, 정제수, 대나무잎",밝은세상영농조합
"화요 41%, 25%, 17%",17,"375ml, 500ml, 750ml",국내산 쌀,㈜화요
"화요 41%, 25%, 17%",25,"375ml, 500ml, 750ml",국내산 쌀,㈜화요
"화요 41%, 25%, 17%",41,"375ml, 500ml, 750ml",국내산 쌀,㈜화요
